,name,utility,startdate,energyratestructure/period0/tier0rate
90,Domestic Service: D - Baseline Region 6,Southern California Edison Co,2014-01-29 06:00:00,0.13233
246,Time-of-use Domestic: TOU-D-2,Southern California Edison Co,2014-01-29 00:00:00,0.16695
575,Domestic Service: D - Baseline Region 5,Southern California Edison Co,2014-01-29 06:00:00,0.13233
758,Time-of-use Tiered Domestic: TOU-D-T - Region 9,Southern California Edison Co,2014-01-29 06:00:00,0.11944
1248,E-1 - Baseline Region Q,Pacific Gas & Electric Co,2014-01-01 06:00:00,0.1323
1263,E-7 - Baseline Region P,Pacific Gas & Electric Co,2014-01-01 06:00:00,0.08159
1476,E-1 - Baseline Region W,Pacific Gas & Electric Co,2014-01-01 06:00:00,0.1323
1744,Domestic Time-of-use Electric Vehicle Charging: TOU-EV-1,Southern California Edison Co,2014-01-01 06:00:00,0.10737
1937,Time-of-use Tiered Domestic: TOU-D-T - Region 14,Southern California Edison Co,2014-01-29 06:00:00,0.11944
2089,E-1 - Baseline Region V,Pacific Gas & Electric Co,2014-01-01 01:00:00,0.1323
2952,Time-of-use Tiered Domestic: TOU-D-T - Region 10,Southern California Edison Co,2014-01-29 06:00:00,0.11944
3410,E-6 - Baseline Region Z,Pacific Gas & Electric Co,2014-01-01 06:00:00,0.28719
3604,E-1 - Baseline Region R,Pacific Gas & Electric Co,2013-12-31 01:00:00,0.1323
3669,E-1 - Baseline Region Z,Pacific Gas & Electric Co,2014-01-01 06:00:00,0.1323
5479,E-7 - Baseline Region Y,Pacific Gas & Electric Co,2014-01-01 06:00:00,0.08159
5962,E-7 - Baseline Region T,Pacific Gas & Electric Co,2014-01-01 06:00:00,0.08159
6729,Domestic Service: D - Baseline Region 15,Southern California Edison Co,2014-01-29 06:00:00,0.13233
6889,E-7 - Baseline Region Z,Pacific Gas & Electric Co,2014-01-01 06:00:00,0.08159
7006,E-7 - Baseline Region V,Pacific Gas & Electric Co,2014-01-01 06:00:00,0.08159
7353,Domestic Service: D - Baseline Region 16,Southern California Edison Co,2014-01-29 06:00:00,0.13233
7676,DR- TOU- Inland Baseline Region,San Diego Gas & Electric Co,2014-02-01 06:00:00,-0.00114
7834,E-6 - Baseline Region W,Pacific Gas & Electric Co,2014-01-01 06:00:00,0.28719
8080,Domestic Service: D - Baseline Region 8,Southern California Edison Co,2014-01-29 06:00:00,0.13233
8158,DR - Desert Baseline Region,San Diego Gas & Electric Co,2014-02-01 06:00:00,0.06289
8205,Domestic Service: D - Baseline Region 14,Southern California Edison Co,2014-01-29 06:00:00,0.13233
8313,"Time-Of-Use Domestic Tiered Electric Vehicle Charging -TOU-D-TEV, Region 15",Southern California Edison Co,2014-01-01 06:00:00,0.09877
8731,E-6 - Baseline Region R,Pacific Gas & Electric Co,2014-01-01 06:00:00,0.28719
9609,E-6 - Baseline Region V,Pacific Gas & Electric Co,2014-01-01 06:00:00,0.28719
9793,E-1 - Baseline Region P,Pacific Gas & Electric Co,2014-01-01 01:00:00,0.1323
9921,TOU-D-TEV (baseline region 9) [partial],Southern California Edison Co,2010-05-31 23:00:00,
11597,Domestic Service: D - Baseline Region 13,Southern California Edison Co,2014-01-29 06:00:00,0.13233
13279,"Time-Of-Use Domestic Tiered Electric Vehicle Charging -TOU-D-TEV, Region 14",Southern California Edison Co,2014-01-01 06:00:00,0.09877
13884,E-1 - Baseline Region Y,Pacific Gas & Electric Co,2014-01-01 06:00:00,0.1323
14028,DR-SES (Solar Energy Systems),San Diego Gas & Electric Co,2014-05-01 00:00:00,0.13597
14810,Time-of-use Tiered Domestic: TOU-D-T - Region 15,Southern California Edison Co,2014-01-29 06:00:00,0.11944
15374,"Time-Of-Use Domestic Tiered Electric Vehicle Charging -TOU-D-TEV, Region 5",Southern California Edison Co,2014-01-01 06:00:00,0.09877
15486,"Time-Of-Use Domestic Tiered Electric Vehicle Charging -TOU-D-TEV, Region 16",Southern California Edison Co,2014-01-01 06:00:00,0.09877
16420,Time-of-use Tiered Domestic: TOU-D-T - Region 16,Southern California Edison Co,2014-01-29 06:00:00,0.11944
17394,E-1 - Baseline Region X,Pacific Gas & Electric Co,2014-01-01 06:00:00,0.1323
18607,E-7 - Baseline Region W,Pacific Gas & Electric Co,2014-01-01 06:00:00,0.08159
18842,Domestic Service: D - Baseline Region 10,Southern California Edison Co,2014-01-29 06:00:00,0.13233
19220,E-6 - Baseline Region T,Pacific Gas & Electric Co,2014-01-01 06:00:00,0.28719
19778,E-6 - Baseline Region Q,Pacific Gas & Electric Co,2014-01-01 06:00:00,0.28719
20642,E-1 - Baseline Region T,Pacific Gas & Electric Co,2014-01-01 06:00:00,0.1323
21097,DR- TOU- Desert Baseline Region,San Diego Gas & Electric Co,2014-02-01 06:00:00,-0.00114
21913,DR - Mountain Baseline Region,San Diego Gas & Electric Co,2014-02-01 06:00:00,0.06289
22067,E-6 - Baseline Region S,Pacific Gas & Electric Co,2014-01-01 06:00:00,0.28719
22341,E-6 - Baseline Region X,Pacific Gas & Electric Co,2014-01-01 06:00:00,0.28719
22474,Domestic Service: D - Baseline Region 9,Southern California Edison Co,2014-01-29 06:00:00,0.13233
22663,E-7 - Baseline Region X,Pacific Gas & Electric Co,2014-01-01 06:00:00,0.08159
23765,Time-of-use Tiered Domestic: TOU-D-T - Region 6,Southern California Edison Co,2014-01-29 01:00:00,0.11944
23950,DR- TOU- Coastal Baseline Region,San Diego Gas & Electric Co,2014-02-01 06:00:00,-0.00114
25169,"Time-Of-Use Domestic Tiered Electric Vehicle Charging -TOU-D-TEV, Region 9",Southern California Edison Co,2014-01-01 06:00:00,0.09877
25474,Time-of-use Tiered Domestic: TOU-D-T - Region 5,Southern California Edison Co,2014-01-29 06:00:00,0.11944
25562,E-7 - Baseline Region Q,Pacific Gas & Electric Co,2014-01-01 06:00:00,0.08159
25747,Time-of-use Tiered Domestic: TOU-D-T - Region 8,Southern California Edison Co,2014-01-29 06:00:00,0.11944
25907,DR - Inland Baseline Region,San Diego Gas & Electric Co,2014-02-01 06:00:00,0.06289
26384,"Time-Of-Use Domestic Tiered Electric Vehicle Charging -TOU-D-TEV, Region 13",Southern California Edison Co,2014-01-01 06:00:00,0.09877
26405,"Time-Of-Use Domestic Tiered Electric Vehicle Charging -TOU-D-TEV, Region 8",Southern California Edison Co,2014-01-01 06:00:00,0.09877
26687,E-7 - Baseline Region R,Pacific Gas & Electric Co,2014-01-01 06:00:00,0.08159
27489,DR - Coastal Baseline Region,San Diego Gas & Electric Co,2014-02-01 06:00:00,0.06289
27643,E-6 - Baseline Region P,Pacific Gas & Electric Co,2014-01-01 06:00:00,0.28719
27850,E-7 - Baseline Region S,Pacific Gas & Electric Co,2014-01-01 06:00:00,0.08159
28311,Time-of-use Domestic: TOU-D-1,Southern California Edison Co,2014-01-29 00:00:00,0.08347
28535,"Time-Of-Use Domestic Tiered Electric Vehicle Charging -TOU-D-TEV, Region 6",Southern California Edison Co,2014-01-01 06:00:00,0.09877
28704,E-6 - Baseline Region Y,Pacific Gas & Electric Co,2014-01-01 06:00:00,0.28719
29741,DR- TOU- Mountain Baseline Region,San Diego Gas & Electric Co,2014-02-01 06:00:00,-0.00114
30138,Time-of-use Tiered Domestic: TOU-D-T - Region 13,Southern California Edison Co,2014-01-29 06:00:00,0.11944
30280,"Time-Of-Use Domestic Tiered Electric Vehicle Charging -TOU-D-TEV, Region 10",Southern California Edison Co,2014-01-01 06:00:00,0.09877
31952,E-1 - Baseline Region S,Pacific Gas & Electric Co,2014-01-01 06:00:00,0.1323
34393,E-1 Residential Service Baseline Region P,Pacific Gas & Electric Co,2014-08-01 00:00:00,0.14707
34400,E-1 -Residential Service Baseline Region Q,Pacific Gas & Electric Co,2014-08-01 00:00:00,0.14707
34401,E-1 -Residential Service Baseline Region R,Pacific Gas & Electric Co,2014-08-01 00:00:00,0.14707
34403,E-1 -Residential Service Baseline Region S,Pacific Gas & Electric Co,2014-08-01 00:00:00,0.14707
34404,E-1 -Residential Service Baseline Region T,Pacific Gas & Electric Co,2014-08-01 00:00:00,0.14707
34405,E-1 -Residential Service Baseline Region V,Pacific Gas & Electric Co,2014-08-01 00:00:00,0.14707
34406,E-1 -Residential Service Baseline Region W,Pacific Gas & Electric Co,2014-08-01 00:00:00,0.14707
34407,E-1 -Residential Service Baseline Region X,Pacific Gas & Electric Co,2014-08-01 00:00:00,0.14707
34408,E-1 -Residential Service Baseline Region Y,Pacific Gas & Electric Co,2014-08-01 00:00:00,0.14707
34409,E-1 -Residential Service Baseline Region Z,Pacific Gas & Electric Co,2014-08-01 00:00:00,0.14707
34410,E-6 -Residential Time of Use- Baseline Region P,Pacific Gas & Electric Co,2014-08-01 00:00:00,0.30661
34411,E-6 -Residential Time of Use Baseline Region Q,Pacific Gas & Electric Co,2014-08-01 00:00:00,0.30661
34413,E-6 -Residential Time of Use Baseline Region R,Pacific Gas & Electric Co,2014-08-01 00:00:00,0.30661
34417,E-6 -Residential Time of Use Baseline Region S,Pacific Gas & Electric Co,2014-08-01 00:00:00,0.30661
34419,E-6 -Residential Time of Use Baseline Region T,Pacific Gas & Electric Co,2014-08-01 00:00:00,0.30661
34420,E-6 -Residential Time of Use Baseline Region V,Pacific Gas & Electric Co,2014-08-01 00:00:00,0.30661
34421,E-6 -Residential Time of Use Baseline Region W,Pacific Gas & Electric Co,2014-08-01 00:00:00,0.30661
34422,E-6 -Residential Time of Use Baseline Region X,Pacific Gas & Electric Co,2014-08-01 00:00:00,0.30661
34423,E-6 -Residential Time of Use Baseline Region Y,Pacific Gas & Electric Co,2014-08-01 00:00:00,0.30661
34424,E-6 -Residential Time of Use Baseline Region Z,Pacific Gas & Electric Co,2014-08-01 00:00:00,0.30661
34425,E-7 -Residential Time of Use Baseline Region P,Pacific Gas & Electric Co,2014-08-01 00:00:00,0.09484
34426,E-7 -Residential Time of Use Baseline Region Q,Pacific Gas & Electric Co,2014-08-01 00:00:00,0.09484
34427,E-7 -Residential Time of Use Baseline Region R,Pacific Gas & Electric Co,2014-08-01 00:00:00,0.09484
34428,E-7 -Residential Time of Use Baseline Region S,Pacific Gas & Electric Co,2014-08-01 00:00:00,0.09484
34429,E-7 -Residential Time of Use Baseline Region T,Pacific Gas & Electric Co,2014-08-01 00:00:00,0.09484
34430,E-7 -Residential Time of Use Baseline Region V,Pacific Gas & Electric Co,2014-08-01 00:00:00,0.09484
34431,E-7 -Residential Time of Use Baseline Region W,Pacific Gas & Electric Co,2014-08-01 00:00:00,0.09484
34432,E-7 -Residential Time of Use Baseline Region X; Closed Rate,Pacific Gas & Electric Co,2014-08-01 00:00:00,0.09484
34434,E-7 -Residential Time of Use Baseline Region Y,Pacific Gas & Electric Co,2014-08-01 00:00:00,0.09484
34435,E-7 -Residential Time of Use Baseline Region Z,Pacific Gas & Electric Co,2014-08-01 00:00:00,0.09484
34535,DR - Desert Baseline Region,San Diego Gas & Electric Co,2014-08-01 00:00:00,0.16474
34538,DR- TOU- Desert Baseline Region,San Diego Gas & Electric Co,2014-08-01 00:00:00,0.18316
34540,DR - Mountain Baseline Region,San Diego Gas & Electric Co,2014-08-01 00:00:00,0.16474
34541,DR- TOU- Coastal Baseline Region,San Diego Gas & Electric Co,2014-08-01 00:00:00,0.18316
34542,DR - Inland Baseline Region,San Diego Gas & Electric Co,2014-08-01 00:00:00,0.16474
34543,DR - Coastal Baseline Region,San Diego Gas & Electric Co,2014-08-01 00:00:00,0.16474
34544,DR- TOU- Mountain Baseline Region,San Diego Gas & Electric Co,2014-08-01 00:00:00,0.18316
34546,DR-SES (Solar Energy Systems),San Diego Gas & Electric Co,2014-08-01 00:00:00,0.1922
34547,DR- TOU- Inland Baseline Region,San Diego Gas & Electric Co,2014-08-01 00:00:00,0.18316
34798,EV-TOU,San Diego Gas & Electric Co,2014-07-31 23:00:00,0.48608
34801,EV-TOU-2,San Diego Gas & Electric Co,2014-07-31 23:00:00,0.48703
34802,DR-LI - Mountain Baseline Region,San Diego Gas & Electric Co,2014-07-31 23:00:00,0.10499
34805,DR-LI - Inland Baseline Region,San Diego Gas & Electric Co,2014-07-31 23:00:00,0.10499
34810,DR-LI - Coastal Baseline Region,San Diego Gas & Electric Co,2014-07-31 23:00:00,0.10499
34811,DR-LI - Desert Baseline Region,San Diego Gas & Electric Co,2014-07-31 23:00:00,0.10499
35129,E-1 Residential Service Baseline Region P,Pacific Gas & Electric Co,2015-03-01 01:00:00,0.16352
35131,E-1 -Residential Service Baseline Region Q,Pacific Gas & Electric Co,2015-03-01 01:00:00,0.16352
35135,E-1 -Residential Service Baseline Region R,Pacific Gas & Electric Co,2015-03-01 01:00:00,0.16352
35142,E-1 -Residential Service Baseline Region S,Pacific Gas & Electric Co,2015-03-01 01:00:00,0.16352
35148,E-1 -Residential Service Baseline Region T,Pacific Gas & Electric Co,2015-03-01 01:00:00,0.16352
35149,E-1 -Residential Service Baseline Region V,Pacific Gas & Electric Co,2015-03-01 01:00:00,0.16352
35150,E-1 -Residential Service Baseline Region W,Pacific Gas & Electric Co,2015-03-01 01:00:00,0.16352
35151,E-1 -Residential Service Baseline Region X,Pacific Gas & Electric Co,2015-03-01 01:00:00,0.16352
35152,E-1 -Residential Service Baseline Region Y,Pacific Gas & Electric Co,2015-03-01 01:00:00,0.16352
35153,E-1 -Residential Service Baseline Region Z,Pacific Gas & Electric Co,2015-03-01 01:00:00,0.16352
35156,E-6 -Residential Time of Use- Baseline Region P,Pacific Gas & Electric Co,2015-03-01 01:00:00,0.32306
35160,E-6 -Residential Time of Use Baseline Region Q,Pacific Gas & Electric Co,2015-03-01 01:00:00,0.32306
35161,E-6 -Residential Time of Use Baseline Region R,Pacific Gas & Electric Co,2015-03-01 01:00:00,0.32306
35162,E-6 -Residential Time of Use Baseline Region S; Closed Rate,Pacific Gas & Electric Co,2015-03-01 01:00:00,0.32306
35170,E-6 -Residential Time of Use Baseline Region T; Closed Rate,Pacific Gas & Electric Co,2015-03-01 01:00:00,0.32306
35171,E-6 -Residential Time of Use Baseline Region V,Pacific Gas & Electric Co,2015-03-01 01:00:00,0.32306
35174,E-6 -Residential Time of Use Baseline Region W; Closed Rate,Pacific Gas & Electric Co,2015-03-01 01:00:00,0.32306
35175,E-6 -Residential Time of Use Baseline Region X; Closed Rate,Pacific Gas & Electric Co,2015-03-01 01:00:00,0.32306
35176,E-6 -Residential Time of Use Baseline Region Y,Pacific Gas & Electric Co,2015-03-01 01:00:00,0.32306
35177,E-6 -Residential Time of Use Baseline Region Z; Closed Rate,Pacific Gas & Electric Co,2015-03-01 01:00:00,0.32306
35186,E-7 -Residential Time of Use Baseline Region P,Pacific Gas & Electric Co,2015-03-01 01:00:00,0.11129
35187,E-7 -Residential Time of Use Baseline Region Q,Pacific Gas & Electric Co,2015-03-01 01:00:00,0.11129
35188,E-7 -Residential Time of Use Baseline Region R,Pacific Gas & Electric Co,2015-03-01 01:00:00,0.11129
35189,E-7 -Residential Time of Use Baseline Region S,Pacific Gas & Electric Co,2015-03-01 01:00:00,0.11129
35190,E-7 -Residential Time of Use Baseline Region T,Pacific Gas & Electric Co,2015-03-01 01:00:00,0.11129
35191,E-7 -Residential Time of Use Baseline Region V,Pacific Gas & Electric Co,2015-03-01 01:00:00,0.11129
35192,E-7 -Residential Time of Use Baseline Region W,Pacific Gas & Electric Co,2015-03-01 01:00:00,0.11129
35193,E-7 -Residential Time of Use Baseline Region Y,Pacific Gas & Electric Co,2015-03-01 01:00:00,0.11129
35194,E-7 -Residential Time of Use Baseline Region Z,Pacific Gas & Electric Co,2015-03-01 01:00:00,0.11129
35422,DR - Desert Baseline Region,San Diego Gas & Electric Co,2015-05-01 00:00:00,0.17411
35425,DR- TOU- Desert Baseline Region,San Diego Gas & Electric Co,2015-05-01 00:00:00,0.19359
35427,DR - Mountain Baseline Region,San Diego Gas & Electric Co,2015-05-01 00:00:00,0.17411
35428,DR- TOU- Mountain Baseline Region,San Diego Gas & Electric Co,2015-05-01 00:00:00,0.19359
35429,DR - Inland Baseline Region,San Diego Gas & Electric Co,2015-05-01 00:00:00,0.17411
35430,DR- TOU- Inland Baseline Region,San Diego Gas & Electric Co,2015-05-01 00:00:00,0.19359
35431,DR - Coastal Baseline Region,San Diego Gas & Electric Co,2015-05-01 00:00:00,0.17411
35432,DR- TOU- Coastal Baseline Region,San Diego Gas & Electric Co,2015-05-01 00:00:00,0.19359
35433,DR-LI - Desert Baseline Region,San Diego Gas & Electric Co,2015-05-01 00:00:00,0.1135
35434,DR-LI - Mountain Baseline Region,San Diego Gas & Electric Co,2015-05-01 00:00:00,0.1135
35435,DR-LI - Inland Baseline Region,San Diego Gas & Electric Co,2015-05-01 00:00:00,0.1135
35437,DR-LI - Coastal Baseline Region,San Diego Gas & Electric Co,2015-05-01 00:00:00,0.1135
35438,DR-SES (Solar Energy Systems),San Diego Gas & Electric Co,2015-05-01 00:00:00,0.20088
35444,EV-TOU,San Diego Gas & Electric Co,2015-05-01 00:00:00,0.48023
35445,EV-TOU-2,San Diego Gas & Electric Co,2015-05-01 00:00:00,0.48114
35657,Domestic Service: D - Baseline Region 5,Southern California Edison Co,2015-06-01 00:00:00,0.14883
35660,Domestic Service: D - Baseline Region 6,Southern California Edison Co,2015-06-01 00:00:00,0.14883
35661,Domestic Service: D - Baseline Region 8,Southern California Edison Co,2015-06-01 00:00:00,0.14883
35662,Domestic Service: D - Baseline Region 9,Southern California Edison Co,2015-06-01 00:00:00,0.14883
35665,Domestic Service: D - Baseline Region 10,Southern California Edison Co,2015-06-01 00:00:00,0.14883
35666,Domestic Service: D - Baseline Region 13,Southern California Edison Co,2015-06-01 00:00:00,0.14883
35667,Domestic Service: D - Baseline Region 14,Southern California Edison Co,2015-06-01 00:00:00,0.14883
35668,Domestic Service: D - Baseline Region 15,Southern California Edison Co,2015-06-01 00:00:00,0.14883
35669,Domestic Service: D - Baseline Region 16,Southern California Edison Co,2015-06-01 00:00:00,0.14883
35670,Time-of-use Tiered Domestic: TOU-D-T-Region 5,Southern California Edison Co,2015-06-01 00:00:00,0.12627
35671,Time-of-use Tiered Domestic: TOU-D-T - Region 6,Southern California Edison Co,2015-06-01 00:00:00,0.12627
35672,Time-of-use Tiered Domestic: TOU-D-T - Region 8,Southern California Edison Co,2015-06-01 00:00:00,0.12627
35673,Time-of-use Tiered Domestic: TOU-D-T - Region 9,Southern California Edison Co,2015-06-01 00:00:00,0.12627
35674,Time-of-use Tiered Domestic: TOU-D-T-Region 10,Southern California Edison Co,2015-06-01 00:00:00,0.12627
35675,Time-of-use Tiered Domestic: TOU-D-T - Region 13,Southern California Edison Co,2015-06-01 00:00:00,0.12627
35676,Time-of-use Tiered Domestic: TOU-D-T - Region 14,Southern California Edison Co,2015-06-01 00:00:00,0.12627
35677,Time-of-use Tiered Domestic: TOU-D-T - Region 15,Southern California Edison Co,2015-06-01 00:00:00,0.12627
35678,Time-of-use Tiered Domestic: TOU-D-T - Region 16,Southern California Edison Co,2015-06-01 00:00:00,0.12627
35817,Domestic Time-of-use Electric Vehicle Charging: TOU-EV-1,Southern California Edison Co,2015-06-01 00:00:00,0.11366
35820,"Time-Of-Use Domestic Tiered Electric Vehicle Charging -TOU-D-TEV, Region 5",Southern California Edison Co,2015-06-01 00:00:00,0.10507
35823,"Time-Of-Use Domestic Tiered Electric Vehicle Charging -TOU-D-TEV, Region 6",Southern California Edison Co,2015-06-01 00:00:00,0.10507
35826,"Time-Of-Use Domestic Tiered Electric Vehicle Charging -TOU-D-TEV, Region 8",Southern California Edison Co,2015-06-01 00:00:00,0.10507
35827,"Time-Of-Use Domestic Tiered Electric Vehicle Charging -TOU-D-TEV, Region 9",Southern California Edison Co,2015-06-01 00:00:00,0.10507
35830,"Time-Of-Use Domestic Tiered Electric Vehicle Charging -TOU-D-TEV, Region 10",Southern California Edison Co,2015-06-01 00:00:00,0.10507
35831,"Time-Of-Use Domestic Tiered Electric Vehicle Charging -TOU-D-TEV, Region 13",Southern California Edison Co,2015-06-01 00:00:00,0.10507
35832,"Time-Of-Use Domestic Tiered Electric Vehicle Charging -TOU-D-TEV, Region 14",Southern California Edison Co,2015-06-01 00:00:00,0.10507
35833,"Time-Of-Use Domestic Tiered Electric Vehicle Charging -TOU-D-TEV, Region 15",Southern California Edison Co,2015-06-01 00:00:00,0.10507
35834,"Time-Of-Use Domestic Tiered Electric Vehicle Charging -TOU-D-TEV, Region 16",Southern California Edison Co,2015-06-01 00:00:00,0.10507
37982,E-1 Residential Service Baseline Region P,Pacific Gas & Electric Co,2015-08-31 23:00:00,0.167
37983,E-1 -Residential Service Baseline Region Q,Pacific Gas & Electric Co,2015-08-31 23:00:00,0.167
37984,E-1 -Residential Service Baseline Region R,Pacific Gas & Electric Co,2015-08-31 23:00:00,0.167
37985,E-1 -Residential Service Baseline Region S,Pacific Gas & Electric Co,2015-08-31 23:00:00,0.167
37986,E-1 -Residential Service Baseline Region T,Pacific Gas & Electric Co,2015-08-31 23:00:00,0.167
37987,E-1 -Residential Service Baseline Region V,Pacific Gas & Electric Co,2015-08-31 23:00:00,0.167
37988,E-1 -Residential Service Baseline Region W,Pacific Gas & Electric Co,2015-08-31 23:00:00,0.167
37989,E-1 -Residential Service Baseline Region X,Pacific Gas & Electric Co,2015-08-31 23:00:00,0.167
37990,E-1 -Residential Service Baseline Region Y,Pacific Gas & Electric Co,2015-08-31 23:00:00,0.167
37991,E-1 -Residential Service Baseline Region Z,Pacific Gas & Electric Co,2015-08-31 23:00:00,0.167
37992,E-6 -Residential Time of Use- Baseline Region P; Closed Rate,Pacific Gas & Electric Co,2015-08-31 00:00:00,0.32654
37993,E-6 -Residential Time of Use Baseline Region Q; Closed Rate,Pacific Gas & Electric Co,2015-08-31 00:00:00,0.32654
37994,E-6 -Residential Time of Use Baseline Region R; Closed Rate,Pacific Gas & Electric Co,2015-08-31 00:00:00,0.32654
37995,E-6 -Residential Time of Use Baseline Region S,Pacific Gas & Electric Co,2015-08-31 00:00:00,0.32654
37996,E-6 -Residential Time of Use Baseline Region T,Pacific Gas & Electric Co,2015-08-31 00:00:00,0.32654
37997,E-6 -Residential Time of Use Baseline Region V; Closed Rate,Pacific Gas & Electric Co,2015-08-31 00:00:00,0.32654
37998,E-6 -Residential Time of Use Baseline Region W; Closed Rate,Pacific Gas & Electric Co,2015-08-31 00:00:00,0.32654
37999,E-6 -Residential Time of Use Baseline Region X,Pacific Gas & Electric Co,2015-08-31 00:00:00,0.32654
38000,E-6 -Residential Time of Use Baseline Region Y; Closed Rate,Pacific Gas & Electric Co,2015-08-31 00:00:00,0.32654
38001,E-6 -Residential Time of Use Baseline Region Z,Pacific Gas & Electric Co,2015-08-31 00:00:00,0.32654
38002,E-7 -Residential Time of Use Baseline Region P; Closed Rate,Pacific Gas & Electric Co,2015-08-31 00:00:00,0.11477
38003,E-7 -Residential Time of Use Baseline Region Q; Closed Rate,Pacific Gas & Electric Co,2015-08-31 00:00:00,0.11477
38004,E-7 -Residential Time of Use Baseline Region R; Closed Rate,Pacific Gas & Electric Co,2015-08-31 00:00:00,0.11477
38005,E-7 -Residential Time of Use Baseline Region S; Closed Rate,Pacific Gas & Electric Co,2015-08-31 00:00:00,0.11477
38006,E-7 -Residential Time of Use Baseline Region T; Closed Rate,Pacific Gas & Electric Co,2015-08-31 00:00:00,0.11477
38007,E-7 -Residential Time of Use Baseline Region V; Closed Rate,Pacific Gas & Electric Co,2015-08-31 00:00:00,0.11477
38008,E-7 -Residential Time of Use Baseline Region W; Closed Rate,Pacific Gas & Electric Co,2015-08-31 00:00:00,0.11477
38009,E-7 -Residential Time of Use Baseline Region Y; Closed Rate,Pacific Gas & Electric Co,2015-08-31 00:00:00,0.11477
38010,E-7 -Residential Time of Use Baseline Region Z; Closed Rate,Pacific Gas & Electric Co,2015-08-31 00:00:00,0.11477
38420,Time-of-use Tiered Domestic: TOU-D-T - Region 6,Southern California Edison Co,2016-01-01 00:00:00,0.13678
38421,Domestic Service: D - Baseline Region 5,Southern California Edison Co,2016-01-01 00:00:00,0.15108
38422,Domestic Service: D - Baseline Region 6,Southern California Edison Co,2016-01-01 00:00:00,0.15108
38423,Domestic Service: D - Baseline Region 8,Southern California Edison Co,2016-01-01 00:00:00,0.15108
38424,Domestic Service: D - Baseline Region 9,Southern California Edison Co,2016-01-01 00:00:00,0.15108
38425,Domestic Service: D - Baseline Region 10,Southern California Edison Co,2016-01-01 00:00:00,0.15108
38426,Domestic Service: D - Baseline Region 13,Southern California Edison Co,2016-01-01 00:00:00,0.15108
38427,Domestic Service: D - Baseline Region 14,Southern California Edison Co,2016-01-01 00:00:00,0.15108
38428,Domestic Service: D - Baseline Region 15,Southern California Edison Co,2016-01-01 00:00:00,0.15108
38429,Domestic Service: D - Baseline Region 16,Southern California Edison Co,2016-01-01 00:00:00,0.15108
38430,Time-of-use Tiered Domestic: TOU-D-T-Region 5,Southern California Edison Co,2016-01-01 00:00:00,0.13687
38431,Time-of-use Tiered Domestic: TOU-D-T - Region 8,Southern California Edison Co,2016-01-01 00:00:00,0.13678
38432,Time-of-use Tiered Domestic: TOU-D-T - Region 9,Southern California Edison Co,2016-01-01 00:00:00,0.13678
38433,Time-of-use Tiered Domestic: TOU-D-T-Region 10,Southern California Edison Co,2016-01-01 00:00:00,0.13678
38434,Time-of-use Tiered Domestic: TOU-D-T - Region 13,Southern California Edison Co,2016-01-01 00:00:00,0.13678
38435,Time-of-use Tiered Domestic: TOU-D-T - Region 14,Southern California Edison Co,2016-01-01 00:00:00,0.13678
38436,Time-of-use Tiered Domestic: TOU-D-T - Region 15,Southern California Edison Co,2016-01-01 00:00:00,0.13678
38437,Time-of-use Tiered Domestic: TOU-D-T - Region 16,Southern California Edison Co,2015-12-31 01:00:00,0.13678
38438,Domestic Time-of-Use Electric Vehicle Charging: TOU-EV-1,Southern California Edison Co,2016-01-01 00:00:00,0.12422
38439,"Time-Of-Use Domestic Tiered Electric Vehicle Charging -TOU-D-TEV, Region 16",Southern California Edison Co,2016-01-01 00:00:00,0.10507
38440,"Time-Of-Use Domestic Tiered Electric Vehicle Charging -TOU-D-TEV, Region 15",Southern California Edison Co,2016-01-01 00:00:00,0.10507
38441,"Time-Of-Use Domestic Tiered Electric Vehicle Charging -TOU-D-TEV, Region 14",Southern California Edison Co,2016-01-01 00:00:00,0.10507
38442,"Time-Of-Use Domestic Tiered Electric Vehicle Charging -TOU-D-TEV, Region 13",Southern California Edison Co,2016-01-01 00:00:00,0.10507
38443,"Time-Of-Use Domestic Tiered Electric Vehicle Charging -TOU-D-TEV, Region 10",Southern California Edison Co,2016-01-01 00:00:00,0.10507
38444,"Time-Of-Use Domestic Tiered Electric Vehicle Charging -TOU-D-TEV, Region 9",Southern California Edison Co,2016-01-01 00:00:00,0.10507
38445,"Time-Of-Use Domestic Tiered Electric Vehicle Charging -TOU-D-TEV, Region 8",Southern California Edison Co,2016-01-01 00:00:00,0.10507
38446,"Time-Of-Use Domestic Tiered Electric Vehicle Charging -TOU-D-TEV, Region 6",Southern California Edison Co,2016-01-01 00:00:00,0.10507
38447,"Time-Of-Use Domestic Tiered Electric Vehicle Charging -TOU-D-TEV, Region 5",Southern California Edison Co,2016-01-01 00:00:00,0.10507
39247,E-1 -Residential Service Baseline Region Q (Bundled),Pacific Gas & Electric Co,2016-03-24 00:00:00,0.18212
39249,E-1 -Residential Service Baseline Region R,Pacific Gas & Electric Co,2016-03-24 00:00:00,0.18212
39250,E-1 -Residential Service Baseline Region S,Pacific Gas & Electric Co,2016-03-24 00:00:00,0.18212
39251,E-1 -Residential Service Baseline Region T,Pacific Gas & Electric Co,2016-03-24 00:00:00,0.18212
39252,E-1 -Residential Service Baseline Region V,Pacific Gas & Electric Co,2016-03-24 00:00:00,0.18212
39253,E-1 -Residential Service Baseline Region W,Pacific Gas & Electric Co,2016-03-24 00:00:00,0.18212
39254,E-1 -Residential Service Baseline Region X,Pacific Gas & Electric Co,2016-03-24 00:00:00,0.18212
39255,E-1 -Residential Service Baseline Region Y,Pacific Gas & Electric Co,2016-03-24 00:00:00,0.18212
39256,E-1 -Residential Service Baseline Region Z,Pacific Gas & Electric Co,2016-03-24 00:00:00,0.18212
39343,E-1 -Residential Service Baseline Region Q,Pacific Gas & Electric Co,2016-03-24 00:00:00,0.18212
39344,E-1 -Residential Service Baseline Region R,Pacific Gas & Electric Co,2016-03-24 00:00:00,0.18212
39345,E-1 -Residential Service Baseline Region S,Pacific Gas & Electric Co,2016-03-24 00:00:00,0.18212
39346,E-1 -Residential Service Baseline Region T,Pacific Gas & Electric Co,2016-03-24 00:00:00,0.18212
39347,E-1 -Residential Service Baseline Region V,Pacific Gas & Electric Co,2016-03-24 00:00:00,0.18212
39348,E-1 -Residential Service Baseline Region W,Pacific Gas & Electric Co,2016-03-24 00:00:00,0.18212
39349,E-1 -Residential Service Baseline Region X,Pacific Gas & Electric Co,2016-03-24 00:00:00,0.18212
39350,E-1 -Residential Service Baseline Region Y,Pacific Gas & Electric Co,2016-03-24 00:00:00,0.18212
39351,E-1 -Residential Service Baseline Region Z,Pacific Gas & Electric Co,2016-03-24 00:00:00,0.18212
39352,E-TOU Option A - Residential Time of Use Service Baseline Region P,Pacific Gas & Electric Co,2016-03-24 00:00:00,0.15392
39353,E-TOU Option A - Residential Time of Use Service Baseline Region Q,Pacific Gas & Electric Co,2016-03-24 00:00:00,0.21061
39354,E-TOU Option A - Residential Time of Use Service Baseline Region R,Pacific Gas & Electric Co,2016-03-24 00:00:00,0.21061
39355,E-TOU Option A - Residential Time of Use Service Baseline Region S,Pacific Gas & Electric Co,2016-03-24 00:00:00,0.21061
39356,E-TOU Option A - Residential Time of Use Service Baseline Region T,Pacific Gas & Electric Co,2016-03-24 00:00:00,
39357,E-TOU Option A - Residential Time of Use Service Baseline Region V,Pacific Gas & Electric Co,2016-03-24 00:00:00,0.21061
39358,E-TOU Option A - Residential Time of Use Service Baseline Region W,Pacific Gas & Electric Co,2016-03-24 00:00:00,0.21061
39359,E-TOU Option A - Residential Time of Use Service Baseline Region X,Pacific Gas & Electric Co,2016-03-24 00:00:00,0.21061
39360,E-TOU Option A - Residential Time of Use Service Baseline Region Y,Pacific Gas & Electric Co,2016-03-24 00:00:00,0.21061
39361,E-TOU Option A - Residential Time of Use Service Baseline Region Z,Pacific Gas & Electric Co,2016-03-24 00:00:00,0.21061
39362,E-TOU Option B - Residential Time of Use Service (All Baseline Regions),Pacific Gas & Electric Co,2016-03-24 00:00:00,0.25294
39809,E-1 Residential Service Baseline Region P,Pacific Gas & Electric Co,2016-05-31 23:00:00,0.18212
39810,E-1 -Residential Service Baseline Region Q,Pacific Gas & Electric Co,2016-05-31 23:00:00,0.18212
39811,E-1 -Residential Service Baseline Region R,Pacific Gas & Electric Co,2016-05-31 23:00:00,0.18212
39812,E-1 -Residential Service Baseline Region S,Pacific Gas & Electric Co,2016-05-31 23:00:00,0.18212
39813,E-1 -Residential Service Baseline Region T,Pacific Gas & Electric Co,2016-05-31 23:00:00,0.18212
39814,E-1 -Residential Service Baseline Region V,Pacific Gas & Electric Co,2016-05-31 23:00:00,0.1812
39815,E-1 -Residential Service Baseline Region W,Pacific Gas & Electric Co,2016-05-31 23:00:00,0.1812
39816,E-1 -Residential Service Baseline Region X,Pacific Gas & Electric Co,2016-05-31 23:00:00,0.18212
39817,E-1 -Residential Service Baseline Region Y,Pacific Gas & Electric Co,2016-05-31 23:00:00,0.18212
39818,E-1 -Residential Service Baseline Region Z,Pacific Gas & Electric Co,2016-05-31 23:00:00,0.18212
39857,DR - Coastal Baseline Region,San Diego Gas & Electric Co,2016-07-01 00:00:00,0.18984
39858,DR - Inland Baseline Region,San Diego Gas & Electric Co,2016-07-01 00:00:00,0.18984
39859,DR - Mountain Baseline Region,San Diego Gas & Electric Co,2016-07-01 00:00:00,0.18984
39860,DR - Desert Baseline Region,San Diego Gas & Electric Co,2016-07-01 00:00:00,0.18984
39861,DR-LI - Coastal Baseline Region,San Diego Gas & Electric Co,2016-07-01 00:00:00,0.11408
39862,DR-LI - Inland Baseline Region,San Diego Gas & Electric Co,2016-07-01 00:00:00,0.11408
39863,DR-LI - Mountain Baseline Region,San Diego Gas & Electric Co,2016-07-01 00:00:00,0.11408
39864,DR-LI - Desert Baseline Region,San Diego Gas & Electric Co,2016-07-01 00:00:00,0.11408
39865,TOU-DR Coastal Baseline Region,San Diego Gas & Electric Co,2016-07-01 00:00:00,0.24173
39866,TOU-DR Inland Baseline Region,San Diego Gas & Electric Co,2016-07-01 00:00:00,0.24173
39867,TOU-DR Mountain Baseline Region,San Diego Gas & Electric Co,2016-07-01 00:00:00,0.24173
39868,TOU-DR Desert Baseline Region,San Diego Gas & Electric Co,2016-07-01 00:00:00,0.24173
39869,DR-SES (Solar Energy Systems),San Diego Gas & Electric Co,2016-07-01 00:00:00,0.202
40258,EV-A,Pacific Gas & Electric Co,2016-09-30 23:00:00,0.11628
40259,EV-B,Pacific Gas & Electric Co,2016-09-30 23:00:00,0.11581
40267,Domestic Service: D - Baseline Region 5,Southern California Edison Co,2017-01-01 00:00:00,0.16317
40268,Domestic Service: D - Baseline Region 6,Southern California Edison Co,2017-01-01 00:00:00,0.16317
40269,Domestic Service: D - Baseline Region 9,Southern California Edison Co,2017-01-01 00:00:00,0.16317
40270,Domestic Service: D - Baseline Region 10,Southern California Edison Co,2017-01-01 00:00:00,0.16317
40271,Domestic Service: D - Baseline Region 13,Southern California Edison Co,2017-01-01 00:00:00,0.16317
40272,Domestic Service: D - Baseline Region 14,Southern California Edison Co,2017-01-01 00:00:00,0.16317
40273,Domestic Service: D - Baseline Region 15,Southern California Edison Co,2017-01-01 00:00:00,0.16317
40274,Domestic Service: D - Baseline Region 16,Southern California Edison Co,2017-01-01 00:00:00,0.16317
40275,Time-of-use Tiered Domestic: TOU-D-T-Region 5,Southern California Edison Co,2016-12-31 01:00:00,0.17515
40276,Time-of-use Tiered Domestic: TOU-D-T - Region 6,Southern California Edison Co,2017-01-01 00:00:00,0.17515
40277,Time-of-use Tiered Domestic: TOU-D-T - Region 9,Southern California Edison Co,2017-01-01 00:00:00,0.17515
40278,Time-of-use Tiered Domestic: TOU-D-T-Region 10,Southern California Edison Co,2017-01-01 00:00:00,0.17515
40279,Time-of-use Tiered Domestic: TOU-D-T - Region 13,Southern California Edison Co,2017-01-01 00:00:00,0.17515
40280,Time-of-use Tiered Domestic: TOU-D-T - Region 14,Southern California Edison Co,2017-01-01 00:00:00,0.17515
40281,Time-of-use Tiered Domestic: TOU-D-T - Region 15,Southern California Edison Co,2017-01-01 00:00:00,0.17515
40282,Time-of-use Tiered Domestic: TOU-D-T - Region 16,Southern California Edison Co,2017-01-01 00:00:00,0.17515
40341,E-1 -Residential Service Baseline Region Q,Pacific Gas & Electric Co,2016-12-31 01:00:00,0.18276
40342,E-1 -Residential Service Baseline Region P,Pacific Gas & Electric Co,2016-12-31 01:00:00,0.18276
40343,E-1 -Residential Service Baseline Region R,Pacific Gas & Electric Co,2016-12-31 01:00:00,0.18276
40344,E-1 -Residential Service Baseline Region S,Pacific Gas & Electric Co,2016-12-31 01:00:00,0.18276
40345,E-1 -Residential Service Baseline Region T,Pacific Gas & Electric Co,2016-12-31 01:00:00,0.18276
40346,E-1 -Residential Service Baseline Region V,Pacific Gas & Electric Co,2016-12-31 01:00:00,0.18276
40347,E-1 -Residential Service Baseline Region W,Pacific Gas & Electric Co,2016-12-31 01:00:00,0.18276
40348,E-1 -Residential Service Baseline Region X,Pacific Gas & Electric Co,2016-12-31 01:00:00,0.18276
40349,E-1 -Residential Service Baseline Region Y,Pacific Gas & Electric Co,2016-12-31 01:00:00,0.18276
40350,E-1 -Residential Service Baseline Region Z,Pacific Gas & Electric Co,2016-12-31 01:00:00,0.18276
40351,E-TOU Option A - Residential Time of Use Service Baseline Region P,Pacific Gas & Electric Co,2016-12-31 01:00:00,0.15221
40352,E-TOU Option A - Residential Time of Use Service Baseline Region Q,Pacific Gas & Electric Co,2016-12-31 01:00:00,0.20889
40353,E-TOU Option A - Residential Time of Use Service Baseline Region R,Pacific Gas & Electric Co,2016-12-31 01:00:00,0.20889
40354,E-TOU Option A - Residential Time of Use Service Baseline Region S,Pacific Gas & Electric Co,2016-12-31 01:00:00,0.22948
40355,E-TOU Option A - Residential Time of Use Service Baseline Region T,Pacific Gas & Electric Co,2016-12-31 01:00:00,0.20889
40356,E-TOU Option A - Residential Time of Use Service Baseline Region V,Pacific Gas & Electric Co,2016-12-31 01:00:00,0.20889
40357,E-TOU Option A - Residential Time of Use Service Baseline Region W,Pacific Gas & Electric Co,2016-12-31 01:00:00,0.20889
40358,E-TOU Option A - Residential Time of Use Service Baseline Region X,Pacific Gas & Electric Co,2016-12-31 01:00:00,0.20889
40359,E-TOU Option A - Residential Time of Use Service Baseline Region Y,Pacific Gas & Electric Co,2016-12-31 01:00:00,0.20889
40360,E-TOU Option A - Residential Time of Use Service Baseline Region Z,Pacific Gas & Electric Co,2016-12-31 01:00:00,0.20889
40361,E-TOU Option B - Residential Time of Use Service (All Baseline Regions),Pacific Gas & Electric Co,2016-12-31 01:00:00,0.25413
40362,EV-A,Pacific Gas & Electric Co,2016-12-31 01:00:00,0.11813
40363,EV-B,Pacific Gas & Electric Co,2016-12-31 01:00:00,0.11766
40424,DR - Inland Baseline Region,San Diego Gas & Electric Co,2017-01-01 00:00:00,0.20452
40425,DR - Mountain Baseline Region,San Diego Gas & Electric Co,2017-01-01 00:00:00,0.20452
40426,DR - Desert Baseline Region,San Diego Gas & Electric Co,2017-01-01 00:00:00,0.20452
40427,DR-LI - Coastal Baseline Region,San Diego Gas & Electric Co,2017-01-01 00:00:00,0.19856
40428,DR-LI - Inland Baseline Region,San Diego Gas & Electric Co,2017-01-01 00:00:00,0.19856
40429,DR-LI - Mountain Baseline Region,San Diego Gas & Electric Co,2017-01-01 00:00:00,0.19856
40430,DR-LI - Desert Baseline Region,San Diego Gas & Electric Co,2017-01-01 00:00:00,0.19856
40431,TOU-DR Inland Baseline Region,San Diego Gas & Electric Co,2017-01-01 00:00:00,0.25931
40432,TOU-DR Mountain Baseline Region,San Diego Gas & Electric Co,2017-01-01 00:00:00,0.25931
40433,TOU-DR Desert Baseline Region,San Diego Gas & Electric Co,2017-01-01 00:00:00,0.25931
40434,DR-SES (Solar Energy Systems),San Diego Gas & Electric Co,2017-01-01 00:00:00,0.21738
40435,EV-TOU,San Diego Gas & Electric Co,2017-01-01 00:00:00,0.48673
40436,EV-TOU-2,San Diego Gas & Electric Co,2017-01-01 00:00:00,0.48761
42763,Time-of-use Tiered Domestic (NEM 2.0): TOU-D-B,Southern California Edison Co,2017-06-29 23:00:00,0.17
42764,Time-of-use Tiered Domestic (NEM 2.0): TOU-D-T - Region 5 (Closed Rate),Southern California Edison Co,2017-06-30 00:00:00,0.18
43957,Domestic Time-of-Use Electric Vehicle Charging: TOU-EV-1,Southern California Edison Co,2017-10-01 00:00:00,0.13616
44088,E-1 -Residential Service Baseline Region Q,Pacific Gas & Electric Co,2017-10-23 23:00:00,0.19979
44089,E-1 -Residential Service Baseline Region P,Pacific Gas & Electric Co,2017-10-23 23:00:00,0.19979
44090,E-1 -Residential Service Baseline Region R,Pacific Gas & Electric Co,2017-10-23 23:00:00,0.19979
44091,E-1 -Residential Service Baseline Region S,Pacific Gas & Electric Co,2017-10-23 23:00:00,0.19979
44092,E-1 -Residential Service Baseline Region T,Pacific Gas & Electric Co,2017-10-23 23:00:00,0.19979
44093,E-1 -Residential Service Baseline Region V,Pacific Gas & Electric Co,2017-10-23 23:00:00,0.19979
44094,E-1 -Residential Service Baseline Region W,Pacific Gas & Electric Co,2017-10-23 23:00:00,0.19979
44095,E-1 -Residential Service Baseline Region X,Pacific Gas & Electric Co,2017-10-23 23:00:00,0.19979
44096,E-1 -Residential Service Baseline Region Y,Pacific Gas & Electric Co,2017-10-23 23:00:00,0.19979
44097,E-1 -Residential Service Baseline Region Z,Pacific Gas & Electric Co,2017-10-23 23:00:00,0.19979
44098,E-TOU Option A - Residential Time of Use Service Baseline Region P,Pacific Gas & Electric Co,2017-10-23 23:00:00,0.17279
44099,E-TOU Option A - Residential Time of Use Service Baseline Region Q,Pacific Gas & Electric Co,2017-10-23 23:00:00,0.22948
44100,E-TOU Option A - Residential Time of Use Service Baseline Region R,Pacific Gas & Electric Co,2017-10-23 23:00:00,0.22948
44101,E-TOU Option A - Residential Time of Use Service Baseline Region S,Pacific Gas & Electric Co,2017-10-23 23:00:00,0.22948
44102,E-TOU Option A - Residential Time of Use Service Baseline Region T,Pacific Gas & Electric Co,2017-10-23 23:00:00,0.22948
44103,E-TOU Option A - Residential Time of Use Service Baseline Region V,Pacific Gas & Electric Co,2017-10-23 23:00:00,0.22948
44104,E-TOU Option A - Residential Time of Use Service Baseline Region W,Pacific Gas & Electric Co,2017-10-23 23:00:00,0.22948
44105,E-TOU Option A - Residential Time of Use Service Baseline Region X,Pacific Gas & Electric Co,2017-10-23 23:00:00,0.22948
44106,E-TOU Option A - Residential Time of Use Service Baseline Region Y,Pacific Gas & Electric Co,2017-10-23 23:00:00,0.22948
44107,E-TOU Option A - Residential Time of Use Service Baseline Region Z,Pacific Gas & Electric Co,2017-10-23 23:00:00,0.22948
44108,E-TOU Option B - Residential Time of Use Service (All Baseline Regions),Pacific Gas & Electric Co,2017-10-23 00:00:00,0.26029
44109,Electric Vehicle EV-A,Pacific Gas & Electric Co,2017-10-23 23:00:00,0.12225
44110,Electric Vehicle EV-B,Pacific Gas & Electric Co,2017-10-23 23:00:00,0.12179
44160,DR - Coastal Baseline Region,San Diego Gas & Electric Co,2018-01-01 00:00:00,0.27104
44161,DR - Inland Baseline Region,San Diego Gas & Electric Co,2018-01-01 00:00:00,0.27104
44162,DR - Mountain Baseline Region,San Diego Gas & Electric Co,2018-01-01 00:00:00,0.27104
44163,DR - Desert Baseline Region,San Diego Gas & Electric Co,2018-01-01 00:00:00,0.27104
44164,DR-LI - Coastal Baseline Region,San Diego Gas & Electric Co,2018-01-01 00:00:00,0.16772
44165,DR-LI - Inland Baseline Region,San Diego Gas & Electric Co,2018-01-01 00:00:00,0.16772
44166,DR-LI - Mountain Baseline Region,San Diego Gas & Electric Co,2018-01-01 00:00:00,0.16772
44167,DR-LI - Desert Baseline Region,San Diego Gas & Electric Co,2018-01-01 00:00:00,0.16772
44168,TOU-DR Coastal Baseline Region,San Diego Gas & Electric Co,2018-01-01 00:00:00,0.32889
44169,TOU-DR Inland Baseline Region,San Diego Gas & Electric Co,2018-01-01 00:00:00,0.32889
44170,TOU-DR Mountain Baseline Region,San Diego Gas & Electric Co,2018-01-01 00:00:00,0.32889
44171,TOU-DR Desert Baseline Region,San Diego Gas & Electric Co,2018-01-01 00:00:00,0.32889
44172,DR-SES (Solar Energy Systems),San Diego Gas & Electric Co,2018-01-01 00:00:00,0.22889
44173,EV-TOU,San Diego Gas & Electric Co,2018-01-01 00:00:00,0.53781
44174,EV-TOU-2,San Diego Gas & Electric Co,2018-01-01 00:00:00,0.53781
44175,Domestic Service: D - Baseline Region 5,Southern California Edison Co,2018-01-01 00:00:00,0.17464
45554,E-1 -Residential Service Baseline Region P (All Electric Service),Pacific Gas & Electric Co,2017-10-23 00:00:00,0.19979
45555,E-1 -Residential Service Baseline Region Q (All Electric Service),Pacific Gas & Electric Co,2017-10-23 00:00:00,0.19979
45556,E-1 -Residential Service Baseline Region R (All Electric Service),Pacific Gas & Electric Co,2017-10-23 00:00:00,0.19979
45557,E-1 -Residential Service Baseline Region S (All Electric Service),Pacific Gas & Electric Co,2017-10-23 00:00:00,0.19979
45558,E-1 -Residential Service Baseline Region T (All Electric Service),Pacific Gas & Electric Co,2017-10-23 00:00:00,0.19979
45559,E-1 -Residential Service Baseline Region V (All Electric Service),Pacific Gas & Electric Co,2017-10-23 00:00:00,0.19979
45560,E-1 -Residential Service Baseline Region W (All Electric Service),Pacific Gas & Electric Co,2017-10-23 00:00:00,0.19979
45561,E-1 -Residential Service Baseline Region X (All Electric Service),Pacific Gas & Electric Co,2017-10-23 00:00:00,0.19979
45562,E-1 -Residential Service Baseline Region Y (All Electric Service),Pacific Gas & Electric Co,2017-10-23 00:00:00,0.19979
45563,E-1 -Residential Service Baseline Region Z (All Electric Service),Pacific Gas & Electric Co,2017-10-23 00:00:00,0.19979
47164,Time-of-use Tiered Domestic (NEM 2.0): TOU-D-B,Southern California Edison Co,2018-10-01 00:00:00,0.16713
47228,DR - Coastal Baseline Region,San Diego Gas & Electric Co,2019-01-01 01:00:00,0.25252
47229,DR - Inland Baseline Region,San Diego Gas & Electric Co,2019-01-01 01:00:00,0.25252
47230,DR - Mountain Baseline Region,San Diego Gas & Electric Co,2019-01-01 01:00:00,0.25252
47231,DR - Desert Baseline Region,San Diego Gas & Electric Co,2019-01-01 01:00:00,0.25252
47232,DR-LI - Coastal Baseline Region,San Diego Gas & Electric Co,2019-01-01 01:00:00,0.15582
47233,DR-LI - Inland Baseline Region,San Diego Gas & Electric Co,2019-01-01 01:00:00,0.15582
47234,DR-LI - Mountain Baseline Region,San Diego Gas & Electric Co,2019-01-01 01:00:00,0.15582
47235,DR-LI - Desert Baseline Region,San Diego Gas & Electric Co,2019-01-01 01:00:00,0.15582
47236,TOU-DR Coastal Baseline Region,San Diego Gas & Electric Co,2019-03-01 01:00:00,0.31868
47237,TOU-DR Inland Baseline Region,San Diego Gas & Electric Co,2019-03-01 01:00:00,0.31868
47238,TOU-DR Mountain Baseline Region,San Diego Gas & Electric Co,2019-03-01 01:00:00,0.31868
47239,TOU-DR Desert Baseline Region,San Diego Gas & Electric Co,2019-03-01 01:00:00,0.31868
47240,DR-SES (Solar Energy Systems),San Diego Gas & Electric Co,2019-01-01 01:00:00,0.23478
47241,EV-TOU,San Diego Gas & Electric Co,2019-01-01 01:00:00,0.52698
47258,EV-TOU-2,San Diego Gas & Electric Co,2019-01-01 01:00:00,0.52698
47319,E-1 -Residential Service Baseline Region P,Pacific Gas & Electric Co,2019-04-01 00:00:00,0.21775
47320,E-1 -Residential Service Baseline Region Q,Pacific Gas & Electric Co,2019-04-01 00:00:00,0.21775
47321,E-1 -Residential Service Baseline Region R,Pacific Gas & Electric Co,2019-04-01 00:00:00,0.21775
47322,E-1 -Residential Service Baseline Region S,Pacific Gas & Electric Co,2019-04-01 00:00:00,0.21775
47323,E-1 -Residential Service Baseline Region T,Pacific Gas & Electric Co,2019-04-01 00:00:00,0.21775
47324,E-1 -Residential Service Baseline Region V,Pacific Gas & Electric Co,2019-04-01 00:00:00,0.21775
47325,E-1 -Residential Service Baseline Region W,Pacific Gas & Electric Co,2019-04-01 00:00:00,0.21775
47326,E-1 -Residential Service Baseline Region X,Pacific Gas & Electric Co,2019-04-01 00:00:00,0.21775
47327,E-1 -Residential Service Baseline Region Y,Pacific Gas & Electric Co,2019-04-01 00:00:00,0.19979
47328,E-1 -Residential Service Baseline Region Z,Pacific Gas & Electric Co,2019-04-01 00:00:00,0.19979
47329,E-1 -Residential Service Baseline Region P (All Electric Service),Pacific Gas & Electric Co,2019-04-01 00:00:00,0.21775
47330,E-1 -Residential Service Baseline Region Q (All Electric Service),Pacific Gas & Electric Co,2019-04-01 00:00:00,0.21775
47331,E-1 -Residential Service Baseline Region R (All Electric Service),Pacific Gas & Electric Co,2019-04-01 00:00:00,0.21775
47332,E-1 -Residential Service Baseline Region S (All Electric Service),Pacific Gas & Electric Co,2019-04-01 00:00:00,0.21775
47333,E-1 -Residential Service Baseline Region T (All Electric Service),Pacific Gas & Electric Co,2019-04-01 00:00:00,0.21775
47334,E-1 -Residential Service Baseline Region V (All Electric Service),Pacific Gas & Electric Co,2019-04-01 00:00:00,0.21775
47335,E-1 -Residential Service Baseline Region W (All Electric Service),Pacific Gas & Electric Co,2019-04-01 00:00:00,0.21775
47336,E-1 -Residential Service Baseline Region X (All Electric Service),Pacific Gas & Electric Co,2019-04-01 00:00:00,0.21775
47337,E-1 -Residential Service Baseline Region Y (All Electric Service),Pacific Gas & Electric Co,2019-04-01 00:00:00,0.21775
47338,E-1 -Residential Service Baseline Region Z (All Electric Service),Pacific Gas & Electric Co,2019-04-01 00:00:00,0.21775
47339,E-TOU Option A - Residential Time of Use Service Baseline Region P,Pacific Gas & Electric Co,2019-04-01 00:00:00,0.18505
47340,E-TOU Option A - Residential Time of Use Service Baseline Region Q,Pacific Gas & Electric Co,2019-04-01 00:00:00,0.24174
47341,E-TOU Option A - Residential Time of Use Service Baseline Region R,Pacific Gas & Electric Co,2019-04-01 00:00:00,0.24174
47342,E-TOU Option A - Residential Time of Use Service Baseline Region S,Pacific Gas & Electric Co,2019-04-01 00:00:00,0.24174
47343,E-TOU Option A - Residential Time of Use Service Baseline Region T,Pacific Gas & Electric Co,2019-04-01 00:00:00,0.24174
47344,E-TOU Option A - Residential Time of Use Service Baseline Region V,Pacific Gas & Electric Co,2019-04-01 00:00:00,0.24174
47345,E-TOU Option A - Residential Time of Use Service Baseline Region W,Pacific Gas & Electric Co,2019-04-01 00:00:00,0.24174
47346,E-TOU Option A - Residential Time of Use Service Baseline Region X,Pacific Gas & Electric Co,2019-04-01 00:00:00,0.24174
47347,E-TOU Option A - Residential Time of Use Service Baseline Region Y,Pacific Gas & Electric Co,2019-04-01 00:00:00,0.24174
47348,E-TOU Option A - Residential Time of Use Service Baseline Region Z,Pacific Gas & Electric Co,2019-04-01 00:00:00,0.24174
47349,E-TOU Option B - Residential Time of Use Service (All Baseline Regions),Pacific Gas & Electric Co,2019-04-01 00:00:00,0.27216
47354,Electric Vehicle EV-A,Pacific Gas & Electric Co,2019-04-12 00:00:00,0.12559
47355,Electric Vehicle EV-B,Pacific Gas & Electric Co,2019-04-12 00:00:00,0.12511
47373,E-7 -Residential Time of Use Baseline Region P; Closed Rate,Pacific Gas & Electric Co,2019-04-01 00:00:00,0.11477
47374,E-7 -Residential Time of Use Baseline Region Q; Closed Rate,Pacific Gas & Electric Co,2019-03-01 01:00:00,0.11477
47375,E-6 -Residential Time of Use- Baseline Region P; Closed Rate,Pacific Gas & Electric Co,2019-04-01 00:00:00,0.37729
47376,E-6 -Residential Time of Use Baseline Region Q; Closed Rate,Pacific Gas & Electric Co,2019-04-01 00:00:00,0.37729
47377,E-6 -Residential Time of Use Baseline Region R; Closed Rate,Pacific Gas & Electric Co,2019-04-01 00:00:00,0.37729
47378,E-6 -Residential Time of Use Baseline Region S; Closed Rate,Pacific Gas & Electric Co,2019-04-01 00:00:00,0.37729
47379,E-6 -Residential Time of Use Baseline Region T; Closed Rate,Pacific Gas & Electric Co,2019-04-01 00:00:00,0.37729
47380,E-6 -Residential Time of Use Baseline Region V; Closed Rate,Pacific Gas & Electric Co,2019-04-01 00:00:00,0.37729
47381,E-6 -Residential Time of Use Baseline Region W; Closed Rate,Pacific Gas & Electric Co,2019-04-01 00:00:00,0.37729
47382,E-6 -Residential Time of Use Baseline Region X; Closed Rate,Pacific Gas & Electric Co,2019-04-01 00:00:00,0.37729
47383,E-6 -Residential Time of Use Baseline Region Y; Closed Rate,Pacific Gas & Electric Co,2019-04-01 00:00:00,0.32654
47384,E-6 -Residential Time of Use Baseline Region Z; Closed Rate,Pacific Gas & Electric Co,2019-04-01 00:00:00,0.37729
48926,E-TOU-C3 Residential Time of Use Baseline Region P,Pacific Gas & Electric Co,2019-06-30 23:00:00,0.30226
48927,E-TOU-C3 Residential Time of Use Baseline Region Q,Pacific Gas & Electric Co,2019-07-01 00:00:00,0.30226
48928,E-TOU-C3 Residential Time of Use Baseline Region R,Pacific Gas & Electric Co,2019-07-01 00:00:00,0.30226
48929,E-TOU-C3 Residential Time of Use Baseline Region S,Pacific Gas & Electric Co,2019-07-01 00:00:00,0.30226
48930,E-TOU-C3 Residential Time of Use Baseline Region T,Pacific Gas & Electric Co,2019-07-01 00:00:00,0.30226
48931,E-TOU-C3 Residential Time of Use Baseline Region V,Pacific Gas & Electric Co,2019-07-01 00:00:00,0.30226
48932,E-TOU-C3 Residential Time of Use Baseline Region W,Pacific Gas & Electric Co,2019-07-01 00:00:00,0.30226
48933,E-TOU-C3 Residential Time of Use Baseline Region X,Pacific Gas & Electric Co,2019-07-01 00:00:00,0.30226
48934,E-TOU-C3 Residential Time of Use Baseline Region Y,Pacific Gas & Electric Co,2019-07-01 00:00:00,0.30226
48935,E-TOU-C3 Residential Time of Use Baseline Region Z,Pacific Gas & Electric Co,2019-06-30 23:00:00,0.30226
49290,EL-TOU Option A - Residential Time of Use Service Baseline Region P,Pacific Gas & Electric Co,2019-09-30 23:00:00,0.12369
49291,EL-TOU Option B - Residential Time of Use Service Baseline Region P,Pacific Gas & Electric Co,2019-09-30 23:00:00,0.14113
49292,EL-TOU-C3 Residential Time of Use Baseline Region P,Pacific Gas & Electric Co,2019-09-30 23:00:00,0.19109
49293,E-TOU-C3 Residential Time of Use Baseline Region P,Pacific Gas & Electric Co,2019-07-01 00:00:00,0.30226
49294,EML-TOU Residential Time of Use Multifamily CARE Baseline Region P,Pacific Gas & Electric Co,2019-09-30 23:00:00,0.12637
49840,Electric Vehicle EV-2,Pacific Gas & Electric Co,2021-03-01 01:00:00,0.18366
49915,E-1 -Residential Service Baseline Region T,Pacific Gas & Electric Co,2021-03-01 01:00:00,0.25902
50062,DR - Coastal Baseline Region,San Diego Gas & Electric Co,2021-06-01 00:00:00,0.32924
50063,DR - Inland Baseline Region,San Diego Gas & Electric Co,2021-06-01 00:00:00,0.32924
50064,DR - Mountain Baseline Region,San Diego Gas & Electric Co,2021-06-01 00:00:00,0.32924
50065,DR - Desert Baseline Region,San Diego Gas & Electric Co,2021-06-01 00:00:00,0.32924
50066,DR-LI - Coastal Baseline Region,San Diego Gas & Electric Co,2021-06-01 00:00:00,0.21357
50067,DR-LI - Inland Baseline Region,San Diego Gas & Electric Co,2021-06-01 00:00:00,0.21357
50068,DR-LI - Mountain Baseline Region,San Diego Gas & Electric Co,2021-06-01 00:00:00,0.21357
50069,DR-LI - Desert Baseline Region,San Diego Gas & Electric Co,2021-06-01 00:00:00,0.21357
50070,TOU-DR Coastal Baseline Region,San Diego Gas & Electric Co,2021-06-01 00:00:00,0.48997
50071,TOU-DR Inland Baseline Region,San Diego Gas & Electric Co,2021-06-01 00:00:00,0.48997
50072,TOU-DR Mountain Baseline Region,San Diego Gas & Electric Co,2021-06-01 00:00:00,0.48997
50073,TOU-DR Desert Baseline Region,San Diego Gas & Electric Co,2021-06-01 00:00:00,0.48997
50074,DR-SES (Solar Energy Systems),San Diego Gas & Electric Co,2021-06-01 00:00:00,0.27969
50075,EV-TOU,San Diego Gas & Electric Co,2021-06-01 00:00:00,0.6166
50076,EV-TOU-2,San Diego Gas & Electric Co,2021-06-01 00:00:00,0.6166
50091,E-1 -Residential Service Baseline Region P,Pacific Gas & Electric Co,2021-08-01 00:00:00,0.26071
50092,E-1 -Residential Service Baseline Region Q,Pacific Gas & Electric Co,2021-08-01 00:00:00,0.26071
50093,E-1 -Residential Service Baseline Region R,Pacific Gas & Electric Co,2021-08-01 00:00:00,0.26071
50094,E-1 -Residential Service Baseline Region S,Pacific Gas & Electric Co,2021-08-01 00:00:00,0.26071
50095,E-1 -Residential Service Baseline Region T,Pacific Gas & Electric Co,2021-08-01 00:00:00,0.26071
50096,E-1 -Residential Service Baseline Region V,Pacific Gas & Electric Co,2021-08-01 00:00:00,0.26071
50097,E-1 -Residential Service Baseline Region W,Pacific Gas & Electric Co,2021-08-01 00:00:00,0.26071
50098,E-1 -Residential Service Baseline Region X,Pacific Gas & Electric Co,2021-08-01 00:00:00,0.26071
50099,E-1 -Residential Service Baseline Region Y,Pacific Gas & Electric Co,2021-08-01 00:00:00,0.26071
50100,E-1 -Residential Service Baseline Region Z,Pacific Gas & Electric Co,2021-08-01 00:00:00,0.26071
50118,Electric Vehicle EV-2,Pacific Gas & Electric Co,2021-08-01 00:00:00,0.1853
50131,E-TOU-D Residential Time of Use,Pacific Gas & Electric Co,2021-04-30 23:00:00,0.37925
50132,E-TOU-D Residential Time of Use,Pacific Gas & Electric Co,2022-01-01 00:00:00,40236.0
50133,E-TOU-C Residential Time of Use Baseline Region P,Pacific Gas & Electric Co,2022-01-01 00:00:00,0.36567
50134,E-TOU-C Residential Time of Use Baseline Region Q,Pacific Gas & Electric Co,2022-01-01 00:00:00,0.36567
50135,E-TOU-C Residential Time of Use Baseline Region R,Pacific Gas & Electric Co,2022-01-01 00:00:00,0.36567
50136,E-TOU-C Residential Time of Use Baseline Region S,Pacific Gas & Electric Co,2022-01-01 00:00:00,0.36567
50137,E-TOU-C Residential Time of Use Baseline Region T,Pacific Gas & Electric Co,2022-01-01 00:00:00,0.36567
50138,E-TOU-C Residential Time of Use Baseline Region V,Pacific Gas & Electric Co,2022-01-01 00:00:00,0.36567
50139,E-TOU-C Residential Time of Use Baseline Region W,Pacific Gas & Electric Co,2022-01-01 00:00:00,0.36567
50140,E-TOU-C Residential Time of Use Baseline Region X,Pacific Gas & Electric Co,2022-01-01 00:00:00,0.36567
50141,E-TOU-C Residential Time of Use Baseline Region Y,Pacific Gas & Electric Co,2022-01-01 00:00:00,0.36567
50142,E-TOU-C Residential Time of Use Baseline Region Z,Pacific Gas & Electric Co,2022-01-01 00:00:00,0.36567
50143,E-TOU-B - Residential Time of Use,Pacific Gas & Electric Co,2022-01-01 00:00:00,0.28384
50144,Electric Vehicle EV-2A,Pacific Gas & Electric Co,2022-01-01 00:00:00,0.2448
50248,E-1 -Residential Service Baseline Region P,Pacific Gas & Electric Co,2022-05-01 00:00:00,0.31465
50249,E-1 -Residential Service Baseline Region Q,Pacific Gas & Electric Co,2022-05-01 00:00:00,0.31465
50250,E-1 -Residential Service Baseline Region R,Pacific Gas & Electric Co,2022-05-01 00:00:00,0.31465
50251,E-1 -Residential Service Baseline Region S,Pacific Gas & Electric Co,2022-05-01 00:00:00,0.31465
50252,E-1 -Residential Service Baseline Region T,Pacific Gas & Electric Co,2022-05-01 00:00:00,0.31465
50253,E-1 -Residential Service Baseline Region V,Pacific Gas & Electric Co,2022-05-01 00:00:00,0.31465
50254,E-1 -Residential Service Baseline Region W,Pacific Gas & Electric Co,2022-05-01 00:00:00,0.31465
50255,E-1 -Residential Service Baseline Region X,Pacific Gas & Electric Co,2022-05-01 00:00:00,0.31465
50256,E-1 -Residential Service Baseline Region Y,Pacific Gas & Electric Co,2022-05-01 00:00:00,0.31465
50257,E-1 -Residential Service Baseline Region Z,Pacific Gas & Electric Co,2022-05-01 00:00:00,0.31465
50258,E-TOU-C Residential Time of Use Baseline Region P,Pacific Gas & Electric Co,2022-05-01 00:00:00,0.39796
50259,E-TOU-C Residential Time of Use Baseline Region Q,Pacific Gas & Electric Co,2022-05-01 00:00:00,0.39786
50260,E-TOU-C Residential Time of Use Baseline Region R,Pacific Gas & Electric Co,2022-05-01 00:00:00,0.39796
50261,E-TOU-C Residential Time of Use Baseline Region S,Pacific Gas & Electric Co,2022-05-01 00:00:00,0.39796
50262,E-TOU-C Residential Time of Use Baseline Region T,Pacific Gas & Electric Co,2022-05-01 00:00:00,0.39796
50263,E-TOU-C Residential Time of Use Baseline Region V,Pacific Gas & Electric Co,2022-05-01 00:00:00,0.39796
50264,E-TOU-C Residential Time of Use Baseline Region W,Pacific Gas & Electric Co,2022-05-01 00:00:00,0.39796
50265,E-TOU-C Residential Time of Use Baseline Region X,Pacific Gas & Electric Co,2022-05-01 00:00:00,0.39796
50266,E-TOU-C Residential Time of Use Baseline Region Y,Pacific Gas & Electric Co,2022-05-01 00:00:00,0.39796
50267,E-TOU-C Residential Time of Use Baseline Region Z,Pacific Gas & Electric Co,2022-05-01 00:00:00,0.39796
50268,E-TOU-D Residential Time of Use,Pacific Gas & Electric Co,2022-05-01 00:00:00,0.47208
50269,Electric Vehicle EV (Sch) Rate A,Pacific Gas & Electric Co,2022-05-01 00:00:00,0.24689
50270,Electric Vehicle EV (Sch) Rate B,Pacific Gas & Electric Co,2022-05-01 00:00:00,0.24391
50271,Electric Vehicle EV2 (Sch),Pacific Gas & Electric Co,2022-05-01 00:00:00,0.2448
50492,Electric Vehicle EV2 (Sch),Pacific Gas & Electric Co,2022-06-01 00:00:00,0.24699
50493,Electric Vehicle EV (Sch) Rate B,Pacific Gas & Electric Co,2022-06-01 00:00:00,0.24673
50494,Electric Vehicle EV (Sch) Rate A,Pacific Gas & Electric Co,2022-06-01 00:00:00,0.24972
50495,E-TOU-D Residential Time of Use,Pacific Gas & Electric Co,2022-06-01 00:00:00,0.47427
50496,E-TOU-C Residential Time of Use Baseline Region Z,Pacific Gas & Electric Co,2022-06-01 00:00:00,0.39848
50497,E-TOU-C Residential Time of Use Baseline Region Y,Pacific Gas & Electric Co,2022-06-01 00:00:00,0.39848
50498,E-TOU-C Residential Time of Use Baseline Region X,Pacific Gas & Electric Co,2022-06-01 00:00:00,0.39848
50499,E-TOU-C Residential Time of Use Baseline Region W,Pacific Gas & Electric Co,2022-06-01 00:00:00,0.39848
50500,E-TOU-C Residential Time of Use Baseline Region V,Pacific Gas & Electric Co,2022-06-01 00:00:00,0.39848
50501,E-TOU-C Residential Time of Use Baseline Region T,Pacific Gas & Electric Co,2022-06-01 00:00:00,0.39848
50502,E-TOU-C Residential Time of Use Baseline Region S,Pacific Gas & Electric Co,2022-06-01 00:00:00,0.39848
50503,E-TOU-C Residential Time of Use Baseline Region R,Pacific Gas & Electric Co,2022-06-01 00:00:00,0.39848
50504,E-TOU-C Residential Time of Use Baseline Region Q,Pacific Gas & Electric Co,2022-06-01 00:00:00,0.39848
50505,E-TOU-C Residential Time of Use Baseline Region P,Pacific Gas & Electric Co,2022-06-01 00:00:00,0.39848
50506,E-1 -Residential Service Baseline Region Z,Pacific Gas & Electric Co,2022-06-01 00:00:00,0.31516
50507,E-1 -Residential Service Baseline Region Y,Pacific Gas & Electric Co,2022-06-01 00:00:00,0.31516
50508,E-1 -Residential Service Baseline Region X,Pacific Gas & Electric Co,2022-06-01 00:00:00,0.31516
50509,E-1 -Residential Service Baseline Region W,Pacific Gas & Electric Co,2022-06-01 00:00:00,0.31516
50510,E-1 -Residential Service Baseline Region V,Pacific Gas & Electric Co,2022-06-01 00:00:00,0.31516
50511,E-1 -Residential Service Baseline Region T,Pacific Gas & Electric Co,2022-06-01 00:00:00,0.31516
50512,E-1 -Residential Service Baseline Region S,Pacific Gas & Electric Co,2022-06-01 00:00:00,0.31516
50513,E-1 -Residential Service Baseline Region R,Pacific Gas & Electric Co,2022-06-01 00:00:00,0.31516
50514,E-1 -Residential Service Baseline Region Q,Pacific Gas & Electric Co,2022-06-01 00:00:00,0.31516
50515,E-1 -Residential Service Baseline Region P,Pacific Gas & Electric Co,2022-06-01 00:00:00,0.31516
50516,E-TOU-B - Residential Time of Use,Pacific Gas & Electric Co,2022-06-01 00:00:00,0.31728
50517,E-1 -Residential Service Baseline Region Z (All Electric Service),Pacific Gas & Electric Co,2022-06-01 00:00:00,0.31516
50518,E-1 -Residential Service Baseline Region Y (All Electric Service),Pacific Gas & Electric Co,2022-06-01 00:00:00,0.31516
50519,E-1 -Residential Service Baseline Region X (All Electric Service),Pacific Gas & Electric Co,2022-06-01 00:00:00,0.31516
50520,E-1 -Residential Service Baseline Region W (All Electric Service),Pacific Gas & Electric Co,2022-06-01 00:00:00,0.31516
50521,E-1 -Residential Service Baseline Region V (All Electric Service),Pacific Gas & Electric Co,2022-06-01 00:00:00,0.31516
50522,E-1 -Residential Service Baseline Region T (All Electric Service),Pacific Gas & Electric Co,2022-06-01 00:00:00,0.31516
50523,E-1 -Residential Service Baseline Region S (All Electric Service),Pacific Gas & Electric Co,2022-06-01 00:00:00,0.31516
50524,E-1 -Residential Service Baseline Region R (All Electric Service),Pacific Gas & Electric Co,2022-06-01 00:00:00,0.31516
50525,E-1 -Residential Service Baseline Region Q (All Electric Service),Pacific Gas & Electric Co,2022-06-01 00:00:00,0.31516
50526,E-1 -Residential Service Baseline Region P (All Electric Service),Pacific Gas & Electric Co,2022-06-01 00:00:00,0.31516
50659,Time-of-use Tiered Domestic (NEM 2.0): TOU-D-B,Southern California Edison Co,2022-06-01 00:00:00,0.22909
50753,E-TOU Option B - Residential Time of Use Service (All Baseline Regions),Pacific Gas & Electric Co,2022-06-01 00:00:00,0.36965
50754,EV-TOU-2,San Diego Gas & Electric Co,2022-06-01 00:00:00,0.66741
50755,EV-TOU,San Diego Gas & Electric Co,2022-06-01 00:00:00,0.66741
50756,DR-SES (Solar Energy Systems),San Diego Gas & Electric Co,2022-06-01 00:00:00,0.3063
50757,TOU-DR Desert Baseline Region,San Diego Gas & Electric Co,2022-06-01 00:00:00,0.56473
50758,TOU-DR Mountain Baseline Region,San Diego Gas & Electric Co,2022-06-01 00:00:00,0.56473
50759,TOU-DR Inland Baseline Region,San Diego Gas & Electric Co,2022-06-01 00:00:00,0.56473
50760,TOU-DR Coastal Baseline Region,San Diego Gas & Electric Co,2022-06-01 00:00:00,0.56473
50761,DR-LI - Desert Baseline Region,San Diego Gas & Electric Co,2022-06-01 00:00:00,0.38907
50762,DR-LI - Mountain Baseline Region,San Diego Gas & Electric Co,2022-06-01 00:00:00,0.38907
50763,DR-LI - Inland Baseline Region,San Diego Gas & Electric Co,2022-06-01 00:00:00,0.38907
50764,DR-LI - Coastal Baseline Region,San Diego Gas & Electric Co,2022-06-01 00:00:00,0.38907
50765,DR - Desert Baseline Region,San Diego Gas & Electric Co,2022-06-01 00:00:00,0.39295
50766,DR - Mountain Baseline Region,San Diego Gas & Electric Co,2022-06-01 00:00:00,0.39295
50767,DR - Inland Baseline Region,San Diego Gas & Electric Co,2022-06-01 00:00:00,0.39295
50768,DR - Coastal Baseline Region,San Diego Gas & Electric Co,2022-06-01 00:00:00,0.39295
51689,E-6 -Residential Time of Use Baseline Region X; Closed Rate,Pacific Gas & Electric Co,2022-05-31 23:00:00,0.41948
51910,E-TOU-C Residential Time of Use Baseline Region P (All Electric Service),Pacific Gas & Electric Co,2022-05-31 23:00:00,0.39848
51911,E-TOU-C Residential Time of Use Baseline Region Q (All Electric Service),Pacific Gas & Electric Co,2022-05-31 23:00:00,0.39848
51912,E-TOU-C Residential Time of Use Baseline Region R (All Electric Service),Pacific Gas & Electric Co,2022-05-31 23:00:00,0.39848
51913,E-TOU-C Residential Time of Use Baseline Region S (All Electric Service),Pacific Gas & Electric Co,2022-05-31 23:00:00,0.39848
51914,E-TOU-C Residential Time of Use Baseline Region T (All Electric Service),Pacific Gas & Electric Co,2022-05-31 23:00:00,0.39848
51915,E-TOU-C Residential Time of Use Baseline Region V (All Electric Service),Pacific Gas & Electric Co,2022-05-31 23:00:00,0.39848
51916,E-TOU-C Residential Time of Use Baseline Region W (All Electric Service),Pacific Gas & Electric Co,2022-05-31 23:00:00,0.39848
51917,E-TOU-C Residential Time of Use Baseline Region X (All Electric Service),Pacific Gas & Electric Co,2022-05-31 23:00:00,0.39848
51918,E-TOU-C Residential Time of Use Baseline Region Y (All Electric Service),Pacific Gas & Electric Co,2022-05-31 23:00:00,0.39848
51919,E-TOU-C Residential Time of Use Baseline Region Z (All Electric Service),Pacific Gas & Electric Co,2022-05-31 23:00:00,0.39848
52057,E-TOU-D Residential Time of Use,Pacific Gas & Electric Co,2023-01-01 00:00:00,0.48124
52162,E-TOU-D Residential Time of Use,Pacific Gas & Electric Co,2023-03-01 01:00:00,0.498
52163,E-TOU-C Residential Time of Use Baseline Region X,Pacific Gas & Electric Co,2023-03-01 01:00:00,0.42026
52339,E-TOU-C Residential Time of Use Baseline Region T,Pacific Gas & Electric Co,2023-03-01 01:00:00,0.42026
52530,Electric Vehicle EV (Sch) Rate A,Pacific Gas & Electric Co,2023-06-01 00:00:00,0.26349
52531,EV-TOU-2,San Diego Gas & Electric Co,2023-01-01 01:00:00,0.83227
52538,E-ELEC Residential Time of Use (Electric Home),Pacific Gas & Electric Co,2023-06-01 00:00:00,0.53918
52725,Time-of-use Tiered Domestic (NEM 2.0): TOU-D-B,Southern California Edison Co,2023-10-01 00:00:00,0.31985
52742,E-ELEC Residential Time of Use (Electric Home),Pacific Gas & Electric Co,2023-09-01 00:00:00,0.56589
52775,E-1 -Residential Service Baseline Region S (All Electric Service),Pacific Gas & Electric Co,2023-09-01 00:00:00,0.35841
52776,E-1 -Residential Service Baseline Region P (All Electric Service),Pacific Gas & Electric Co,2023-09-01 00:00:00,0.35841
52777,E-1 -Residential Service Baseline Region Q (All Electric Service),Pacific Gas & Electric Co,2023-09-01 00:00:00,0.35841
52778,E-1 -Residential Service Baseline Region R (All Electric Service),Pacific Gas & Electric Co,2023-09-01 00:00:00,0.35841
52779,E-1 -Residential Service Baseline Region T (All Electric Service),Pacific Gas & Electric Co,2023-09-01 00:00:00,0.35841
52780,E-1 -Residential Service Baseline Region V (All Electric Service),Pacific Gas & Electric Co,2023-09-01 00:00:00,0.35841
52781,E-1 -Residential Service Baseline Region W (All Electric Service),Pacific Gas & Electric Co,2023-09-01 00:00:00,0.35841
52782,E-1 -Residential Service Baseline Region X (All Electric Service),Pacific Gas & Electric Co,2023-09-01 00:00:00,0.35841
52783,E-1 -Residential Service Baseline Region Y (All Electric Service),Pacific Gas & Electric Co,2023-09-01 00:00:00,0.35841
52784,E-1 -Residential Service Baseline Region Z (All Electric Service),Pacific Gas & Electric Co,2023-09-01 00:00:00,0.35841
52785,E-1 -Residential Service Baseline Region P,Pacific Gas & Electric Co,2023-09-01 00:00:00,0.35841
52786,E-1 -Residential Service Baseline Region Q,Pacific Gas & Electric Co,2023-09-01 00:00:00,0.35841
52787,E-1 -Residential Service Baseline Region R,Pacific Gas & Electric Co,2023-09-01 00:00:00,0.35841
52788,E-1 -Residential Service Baseline Region S,Pacific Gas & Electric Co,2023-09-01 00:00:00,0.35841
52789,E-1 -Residential Service Baseline Region T,Pacific Gas & Electric Co,2023-09-01 00:00:00,0.35841
52790,E-1 -Residential Service Baseline Region V,Pacific Gas & Electric Co,2023-09-01 00:00:00,0.35841
52791,E-1 -Residential Service Baseline Region W,Pacific Gas & Electric Co,2023-09-01 00:00:00,0.35841
52792,E-1 -Residential Service Baseline Region X,Pacific Gas & Electric Co,2023-09-01 00:00:00,0.35841
52793,E-1 -Residential Service Baseline Region Y,Pacific Gas & Electric Co,2023-09-01 00:00:00,0.35841
52794,E-1 -Residential Service Baseline Region Z,Pacific Gas & Electric Co,2023-09-01 00:00:00,0.35841
52795,Electric Vehicle EV (Sch) Rate A,Pacific Gas & Electric Co,2023-09-01 00:00:00,0.2889
52796,E-TOU-C Residential Time of Use Baseline Region Z (All Electric Service),Pacific Gas & Electric Co,2023-09-01 00:00:00,0.45082
52797,E-TOU-C Residential Time of Use Baseline Region Y (All Electric Service),Pacific Gas & Electric Co,2023-09-01 00:00:00,0.45082
52798,E-TOU-C Residential Time of Use Baseline Region X (All Electric Service),Pacific Gas & Electric Co,2023-09-01 00:00:00,0.45082
52799,E-TOU-C Residential Time of Use Baseline Region W (All Electric Service),Pacific Gas & Electric Co,2023-09-01 00:00:00,0.45082
52800,E-TOU-C Residential Time of Use Baseline Region V (All Electric Service),Pacific Gas & Electric Co,2023-09-01 00:00:00,0.45082
52801,E-TOU-C Residential Time of Use Baseline Region T (All Electric Service),Pacific Gas & Electric Co,2023-09-01 00:00:00,0.45082
52802,E-TOU-C Residential Time of Use Baseline Region S (All Electric Service),Pacific Gas & Electric Co,2023-09-01 00:00:00,0.45082
52803,E-TOU-C Residential Time of Use Baseline Region R (All Electric Service),Pacific Gas & Electric Co,2023-09-01 00:00:00,0.45082
52804,E-TOU-C Residential Time of Use Baseline Region Q (All Electric Service),Pacific Gas & Electric Co,2023-09-01 00:00:00,0.45082
52805,E-TOU-C Residential Time of Use Baseline Region P (All Electric Service),Pacific Gas & Electric Co,2023-09-01 00:00:00,0.45082
52806,E-TOU-C Residential Time of Use Baseline Region Z,Pacific Gas & Electric Co,2023-09-01 00:00:00,0.45082
52807,E-TOU-C Residential Time of Use Baseline Region Y,Pacific Gas & Electric Co,2023-09-01 00:00:00,0.45082
52808,E-TOU-C Residential Time of Use Baseline Region X,Pacific Gas & Electric Co,2023-09-01 00:00:00,0.45082
52809,E-TOU-C Residential Time of Use Baseline Region W,Pacific Gas & Electric Co,2023-09-01 00:00:00,0.45082
52810,E-TOU-C Residential Time of Use Baseline Region T,Pacific Gas & Electric Co,2023-09-01 00:00:00,0.45082
52811,E-TOU-C Residential Time of Use Baseline Region V,Pacific Gas & Electric Co,2023-09-01 00:00:00,0.45082
52812,E-TOU-C Residential Time of Use Baseline Region S,Pacific Gas & Electric Co,2023-09-01 00:00:00,0.45082
52813,E-TOU-C Residential Time of Use Baseline Region R,Pacific Gas & Electric Co,2023-09-01 00:00:00,0.45082
52814,E-TOU-C Residential Time of Use Baseline Region Q,Pacific Gas & Electric Co,2023-09-01 00:00:00,0.45082
52815,E-TOU-C Residential Time of Use Baseline Region P,Pacific Gas & Electric Co,2023-09-01 00:00:00,0.45082
52816,E-TOU-D Residential Time of Use,Pacific Gas & Electric Co,2023-09-01 00:00:00,0.51778
52817,E-TOU Option B - Residential Time of Use Service (All Baseline Regions),Pacific Gas & Electric Co,2023-09-01 00:00:00,0.4112
52818,Electric Vehicle EV (Sch) Rate B,Pacific Gas & Electric Co,2023-09-01 00:00:00,0.28586
52819,Electric Vehicle EV2 (Sch),Pacific Gas & Electric Co,2023-09-01 00:00:00,0.27818
